[
    {
        "pk": 1,
        "model": "movies.genre",
        "fields": {
            "name": "가족"
        }
    },
    {
        "pk": 2,
        "model": "movies.genre",
        "fields": {
            "name": "공포(호러)"
        }
    },
    {
        "pk": 3,
        "model": "movies.genre",
        "fields": {
            "name": "드라마"
        }
    },
    {
        "pk": 4,
        "model": "movies.genre",
        "fields": {
            "name": "멜로/로맨스"
        }
    },
    {
        "pk": 5,
        "model": "movies.genre",
        "fields": {
            "name": "미스터리"
        }
    },
    {
        "pk": 6,
        "model": "movies.genre",
        "fields": {
            "name": "사극"
        }
    },
    {
        "pk": 7,
        "model": "movies.genre",
        "fields": {
            "name": "스릴러"
        }
    },
    {
        "pk": 8,
        "model": "movies.genre",
        "fields": {
            "name": "액션"
        }
    },
    {
        "pk": 9,
        "model": "movies.genre",
        "fields": {
            "name": "어드벤처"
        }
    },
    {
        "pk": 10,
        "model": "movies.genre",
        "fields": {
            "name": "판타지"
        }
    },
    {
        "pk": 11,
        "model": "movies.genre",
        "fields": {
            "name": "코미디"
        }
    },
    {
        "pk": 12,
        "model": "movies.genre",
        "fields": {
            "name": "애니메이션"
        }
    },
    {
        "pk": 13,
        "model": "movies.genre",
        "fields": {
            "name": "범죄"
        }
    },
    {
        "pk": 14,
        "model": "movies.genre",
        "fields": {
            "name": "SF"
        }
    },
    {
        "pk": 15,
        "model": "movies.genre",
        "fields": {
            "name": "전쟁"
        }
    },
    {
        "pk": 16,
        "model": "movies.genre",
        "fields": {
            "name": "다큐멘터리"
        }
    },
    {
        "pk": 17,
        "model": "movies.genre",
        "fields": {
            "name": "뮤지컬"
        }
    },
    {
        "pk": 18,
        "model": "movies.genre",
        "fields": {
            "name": "공연"
        }
    },
    {
        "pk": 19,
        "model": "movies.genre",
        "fields": {
            "name": "서부극(웨스턴)"
        }
    },
    {
        "pk": 20,
        "model": "movies.genre",
        "fields": {
            "name": "성인물(에로)"
        }
    },
    {
        "pk": 21,
        "model": "movies.genre",
        "fields": {
            "name": "기타"
        }
    }
]